<application>
  <component name="GeneralSettings">
    <option name="confirmExit" value="false" />
    <option name="defaultProjectDirectory" value="$USER_HOME$/Documents/GIT/elbicon/Applications" />
  </component>
  <component name="Registry">
    <entry key="SBT.system.in.process" value="true" />
    <entry key="BSP.experimental.feature.enabled" value="false" />
    <entry key="BSP.system.in.process" value="true" />
    <entry key="git.explicit.commit.renames.prohibit.multiple.calls" value="false" />
  </component>
</application>